,real,imaginary
S2,-32.97542779396622,0.0
S3,0.0,0.0
S1,-2.422170718979347,0.0
