,real,imaginary
S2,-32.975427800630875,0.0
S3,-2.422170729537105,0.0
