task0.time,task0.S1
0.0,10.0
1.0,7.408166051569338
2.0,5.488107431161596
3.0,4.065680341664097
4.0,3.011921605714766
5.0,2.231279768280939
6.0,1.6529679429279789
7.0,1.2245453110421527
8.0,0.9071629122425631
9.0,0.6720408122943049
10.0,0.49785865534349905
